First Name,Last Name,Email Address,Phone Number,Company,Date Hired
Marshall,Brady,lobortis.nisi.nibh@molestiearcu.edu,(391) 336-5310,Ac Sem Ut Incorporated,07/12/2012
Selma,Floyd,eros.turpis.non@lectusconvallis.net,(398) 920-1076,Non Foundation,07/21/2012
Ivy,Garrison,posuere@euodio.net,(428) 321-5542,Semper Erat Foundation,12/19/2013
Wyatt,Gibbs,Sed@nequeNullamut.ca,(973) 141-9840,Pellentesque Corp.,11/21/2013
Vaughan,Moss,adipiscing@Phasellusfermentum.net,(597) 730-0228,Tempor Institute,10/27/2013
Elijah,Mcgowan,Aliquam@Quisqueornaretortor.ca,(127) 171-1859,Tempor Bibendum Donec LLC,08/26/2012
Miranda,Ingram,fermentum@velitSedmalesuada.net,(864) 873-7359,Feugiat Non Lobortis Institute,08/20/2012
Anastasia,Lawrence,Mauris.eu@pedeultrices.net,(106) 260-8688,Sit Amet Consulting,05/31/2012
Samson,Patton,non.arcu@enimnislelementum.ca,(302) 330-4251,Hendrerit Associates,12/27/2013
Erasmus,Sexton,lectus.justo@aliquam.org,(972) 793-9187,Feugiat Industries,10/15/2013
Emery,Gardner,erat@lorem.org,(848) 534-1656,Nunc Sit Amet Industries,08/24/2012
Nomlanga,Hensley,Fusce@leoVivamus.org,(644) 169-6243,Consectetuer Company,08/29/2012
Jason,Craft,nunc.nulla@sapien.ca,(691) 770-9143,Blandit LLC,03/23/2013
Kathleen,Haley,sed.dolor.Fusce@imperdietornare.edu,(891) 454-8400,Lorem Company,07/02/2012
Aline,Flynn,a@Nunclaoreet.edu,(563) 400-6803,Et Netus LLP,01/28/2013
Ursa,Dickson,Integer.sem@ullamcorpervelit.com,(371) 615-7750,Nullam Company,12/22/2012
Wesley,Lopez,enim.non.nisi@vulputateduinec.edu,(287) 777-3724,Lobortis Ultrices Vivamus Corp.,06/17/2013
Victoria,Mcleod,lectus.justo.eu@ut.ca,(583) 108-1294,Justo Faucibus Lectus Corporation,10/17/2012
Shana,Roach,scelerisque.sed.sapien@afelisullamcorper.edu,(921) 385-2342,Quis Turpis Vitae Incorporated,05/26/2014
Maxine,Ruiz,Donec.porttitor@hymenaeosMaurisut.edu,(520) 801-0808,Luctus Foundation,12/05/2013
Harriet,Bishop,Quisque@Crasdictum.com,(758) 716-9401,Dictum Phasellus In Inc.,09/08/2013
Serina,Williams,tincidunt.vehicula.risus@sedliberoProin.ca,(270) 288-0136,At Egestas A Corporation,03/17/2014
Rhea,Copeland,laoreet.ipsum@Aliquam.co.uk,(775) 493-9118,Ipsum Incorporated,05/22/2013
Evan,Holcomb,neque.sed@ullamcorperDuis.ca,(695) 656-8621,Sem Institute,02/16/2013
Basil,Mccall,arcu.Vestibulum.ante@luctuslobortis.co.uk,(144) 989-4125,Feugiat Tellus Lorem Institute,02/25/2013
Florence,Riley,sit.amet@Proinvel.org,(663) 529-4829,Enim Sit PC,01/14/2014
Heather,Peck,mauris@scelerisqueneque.edu,(850) 444-0917,Curabitur Limited,01/16/2014
Dara,Robinson,egestas@utnisi.net,(106) 576-1355,Urna Incorporated,12/15/2012
Kylan,Maxwell,conubia.nostra@accumsan.com,(973) 206-2558,Aliquam Eros Turpis Company,08/21/2012
Petra,Blake,faucibus.orci.luctus@dapibusrutrum.ca,(901) 207-9872,Ac Metus Institute,06/17/2013
Fiona,Goff,tincidunt@enim.net,(265) 255-7749,Odio Phasellus Corp.,12/03/2012
Kameko,Diaz,ac@turpisNulla.edu,(731) 354-4848,Montes Nascetur Corporation,08/16/2013
Craig,Valentine,tristique@urnaVivamus.net,(437) 229-8198,Etiam Gravida Molestie Consulting,05/06/2014
Samson,Cunningham,semper.pretium@auctor.edu,(335) 666-7758,Nec Ante Associates,07/02/2013
Yoko,Rogers,nunc@Vivamus.net,(893) 405-6889,Fermentum Vel Mauris Corp.,03/29/2014
Walter,Burnett,nisi.Mauris.nulla@felis.co.uk,(336) 411-9222,Suscipit Est Institute,06/26/2012
Gisela,Nash,euismod@lectusrutrum.ca,(917) 249-0166,Non Magna LLP,11/23/2012
Wanda,Pierce,Nulla@dolorsit.com,(480) 872-3389,Cum Sociis Natoque Limited,11/02/2013
Jane,Dixon,eu.odio@Infaucibus.com,(112) 139-8563,Id Ante Dictum LLC,03/14/2014
Octavius,Shannon,iaculis.aliquet@ante.ca,(541) 652-3295,Libero Est Institute,05/28/2014
Rigel,Hunt,metus.Aenean.sed@inhendrerit.org,(792) 358-7505,Enim PC,09/05/2013
Rachel,Gray,erat.in.consectetuer@Fuscealiquetmagna.org,(165) 973-1366,Suscipit Nonummy Fusce LLC,05/08/2013
Madeline,Bradley,dignissim.Maecenas@egetmassaSuspendisse.co.uk,(436) 223-3135,Posuere PC,01/24/2014
Emma,Conner,dictum@magnaDuisdignissim.com,(304) 429-2622,Nulla Incorporated,11/05/2013
Halee,Mclean,amet.faucibus@Phasellus.net,(669) 364-0148,Ligula Consulting,03/05/2014
Conan,Williams,massa@felisNulla.net,(999) 649-4433,Velit Eu Limited,05/15/2014
Martena,Fowler,mi.lacinia@maurisa.ca,(405) 661-1762,Blandit Nam Institute,02/27/2013
Robin,Buckley,cursus.Nunc.mauris@nislQuisque.net,(376) 771-9862,Sed Corp.,10/30/2012
Isadora,Adams,arcu.Vestibulum@urna.co.uk,(138) 774-6058,Blandit Viverra Donec Institute,08/07/2012
Bernard,Price,ultrices@Praesent.ca,(368) 882-6146,Egestas Blandit LLP,11/03/2013
